<?xml version="1.0" encoding="utf-8"?>

<LinearLayout xmlns:android="http://schemas.android.com/apk/res/android"
    xmlns:app="http://schemas.android.com/apk/res-auto"
    xmlns:tools="http://schemas.android.com/tools"
    android:layout_width="match_parent"
    android:layout_height="match_parent"
    android:background="#fff"
    android:focusable="true"
    android:focusableInTouchMode="true"
    android:orientation="vertical">


    <LinearLayout
        android:layout_width="match_parent"
        android:layout_height="10dp"
        android:layout_weight="0.8"
        android:background="#81C784"
        android:orientation="horizontal">

        <ImageButton
            android:id="@+id/backbutton7"
            android:layout_width="0dp"
            android:layout_height="match_parent"
            android:layout_weight="1"
            android:background="#00FFFFFF"
            android:src="@drawable/backward" />

        <TextView
            android:id="@+id/textView23"
            android:layout_width="0dp"
            android:layout_height="wrap_content"
            android:layout_gravity="center_vertical"
            android:layout_weight="9"
            android:text="제목"
            android:textColor="#FFFFFF"
            android:textSize="16sp"
            android:textStyle="bold" />

        <Button
            android:id="@+id/deleteButton2"
            android:layout_width="0dp"
            android:layout_height="wrap_content"
            android:layout_gravity="center_vertical"
            android:layout_weight="1"
            android:background="@drawable/trash_0" />
    </LinearLayout>

    <LinearLayout
        android:layout_width="match_parent"
        android:layout_height="wrap_content"
        android:layout_weight="0"
        android:orientation="horizontal"
        android:paddingTop="10dp"
        android:paddingBottom="10dp">

        <ImageView
            android:id="@+id/imageView"
            android:layout_width="0dp"
            android:layout_height="wrap_content"
            android:layout_gravity="center_vertical"
            android:layout_marginLeft="10dp"
            android:layout_weight="1.2"
            android:background="#FFFFFF"
            app:srcCompat="@drawable/person_0" />

        <LinearLayout
            android:layout_width="0dp"
            android:layout_height="match_parent"
            android:layout_weight="8"
            android:orientation="vertical">

            <TextView
                android:id="@+id/textView21"
                android:layout_width="match_parent"
                android:layout_height="0dp"
                android:layout_weight="6"
                android:gravity="bottom|center_vertical"
                android:text="이름"
                android:textSize="18sp" />

            <TextView
                android:id="@+id/textView22"
                android:layout_width="match_parent"
                android:layout_height="0dp"
                android:layout_weight="4"
                android:text="시간" />
        </LinearLayout>
    </LinearLayout>

    <LinearLayout
        android:layout_width="match_parent"
        android:layout_height="0dp"
        android:layout_weight="4"
        android:orientation="vertical">

        <ScrollView
            android:layout_width="match_parent"
            android:layout_height="match_parent">

            <LinearLayout
                android:layout_width="match_parent"
                android:layout_height="wrap_content"
                android:orientation="vertical">

                <TextView
                    android:id="@+id/textView24"
                    android:layout_width="match_parent"
                    android:layout_height="wrap_content"
                    android:layout_marginLeft="10dp"
                    android:text="내용"
                    android:textSize="23dp" />

            </LinearLayout>
        </ScrollView>

    </LinearLayout>

    <LinearLayout
        android:layout_width="match_parent"
        android:layout_height="0dp"
        android:layout_weight="6"
        android:orientation="vertical">

        <View
            android:id="@+id/divider16"
            android:layout_width="match_parent"
            android:layout_height="8dp"
            android:background="#C8E6C9" />

        <ScrollView
            android:layout_width="match_parent"
            android:layout_height="match_parent"
            android:fillViewport="true">

            <LinearLayout
                android:layout_width="match_parent"
                android:layout_height="match_parent"
                android:orientation="vertical">

                <ListView
                    android:id="@+id/replylistView2"
                    android:layout_width="match_parent"
                    android:layout_height="match_parent"
                    android:descendantFocusability="blocksDescendants" />
            </LinearLayout>
        </ScrollView>

    </LinearLayout>

    <LinearLayout
        android:layout_width="match_parent"
        android:layout_height="0dp"
        android:layout_weight="1"
        android:orientation="vertical">

        <View
            android:id="@+id/divider21"
            android:layout_width="match_parent"
            android:layout_height="1dp"
            android:background="?android:attr/listDivider" />

        <LinearLayout
            android:layout_width="match_parent"
            android:layout_height="match_parent"
            android:orientation="horizontal">

            <EditText
                android:id="@+id/replywritetext"
                android:layout_width="match_parent"
                android:layout_height="match_parent"
                android:layout_weight="1"
                android:ems="10"
                android:focusable="auto"
                android:hint="댓글을 입력하세요."
                android:inputType="textPersonName"
                android:textSize="16sp" />

            <Button
                android:id="@+id/replywriteButton"
                android:layout_width="wrap_content"
                android:layout_height="wrap_content"
                android:layout_gravity="center"
                android:layout_weight="1"
                android:background="@drawable/plane" />
        </LinearLayout>

        <TextView
            android:id="@+id/textView46"
            android:layout_width="match_parent"
            android:layout_height="wrap_content"
            android:background="@drawable/customshape2"
            android:textSize="3sp" />

    </LinearLayout>

</LinearLayout>