<?xml version="1.0" encoding="utf-8"?>
<LinearLayout xmlns:android="http://schemas.android.com/apk/res/android"
    android:focusable="true"
    android:focusableInTouchMode="true"
    android:orientation="vertical"
    android:background="#fff"
    xmlns:app="http://schemas.android.com/apk/res-auto"
    xmlns:tools="http://schemas.android.com/tools"
    android:layout_width="match_parent"
    android:layout_height="match_parent"
    tools:context="com.example.register.RegisterActivity">

    <LinearLayout
        android:layout_width="match_parent"
        android:layout_height="wrap_content"
        android:background="#81C784"
        android:orientation="horizontal">

        <ImageButton
            android:id="@+id/gobackButton2"
            android:layout_width="wrap_content"
            android:layout_height="wrap_content"
            android:layout_gravity="center_vertical"
            android:layout_marginLeft="10dp"
            android:layout_marginTop="2dp"
            android:layout_marginRight="10dp"
            android:layout_weight="0"
            android:background="#00FFFFFF"
            app:srcCompat="@drawable/backward"
            tools:ignore="VectorDrawableCompat" />

        <LinearLayout
            android:layout_width="wrap_content"
            android:layout_height="match_parent"
            android:layout_weight="1"
            android:orientation="vertical">

            <EditText
                android:id="@+id/editLocation"
                android:layout_width="match_parent"
                android:layout_height="0dp"
                android:layout_marginTop="0dp"
                android:layout_weight="1"
                android:ems="10"
                android:hint="위치를 검색해주세요."
                android:singleLine="true"
                android:textColor="#FFFFFF"
                android:textColorHint="#FFFFFF">

                <requestFocus />
            </EditText>
        </LinearLayout>

        <LinearLayout
            android:layout_width="wrap_content"
            android:layout_height="50dp"
            android:layout_weight="0"
            android:orientation="vertical">

            <ImageButton
                android:id="@+id/locationSearch"
                android:layout_width="wrap_content"
                android:layout_height="wrap_content"
                android:layout_gravity="end"
                android:layout_marginTop="2dp"
                android:layout_marginRight="8dp"
                android:layout_marginBottom="2dp"
                android:layout_weight="1"
                android:background="#00FFFFFF"
                android:src="@drawable/search_icon"
                android:text="검색"
                android:textSize="14sp" />

        </LinearLayout>
    </LinearLayout>

    <View
        android:id="@+id/divider6"
        android:layout_width="match_parent"
        android:layout_height="1dp"
        android:layout_weight="0"
        android:background="#D3D3D3" />

    <RelativeLayout
        android:layout_width="match_parent"
        android:layout_height="wrap_content">

        <fragment
            android:id="@+id/googleMap"
            class="com.google.android.gms.maps.MapFragment"
            android:layout_width="match_parent"
            android:layout_height="200dp" />

        <ImageButton
            android:id="@+id/locationButton"
            android:layout_width="wrap_content"
            android:layout_height="wrap_content"
            android:layout_alignEnd="@+id/googleMap"
            android:layout_alignRight="@+id/googleMap"
            android:layout_alignBottom="@+id/googleMap"
            android:layout_marginEnd="14dp"
            android:layout_marginRight="14dp"
            android:layout_marginBottom="12dp"
            android:background="@drawable/position_customshape"


            android:src="@drawable/my_position" />

    </RelativeLayout>

    <LinearLayout
        android:layout_width="match_parent"
        android:layout_height="wrap_content"
        android:orientation="horizontal">

        <LinearLayout
            android:layout_width="match_parent"
            android:layout_height="match_parent"
            android:layout_weight="1"
            android:orientation="vertical">

            <EditText
                android:id="@+id/passwordText"
                android:layout_width="150dp"
                android:layout_height="wrap_content"
                android:layout_marginTop="5dp"
                android:layout_weight="0"
                android:ems="10"
                android:hint="비밀번호"
                android:inputType="textPassword" />
        </LinearLayout>

        <LinearLayout
            android:layout_width="match_parent"
            android:layout_height="match_parent"
            android:layout_weight="1"
            android:orientation="vertical">

            <Button
                android:id="@+id/registerbtn"
                android:layout_width="wrap_content"
                android:layout_height="wrap_content"
                android:layout_gravity="end"
                android:layout_marginTop="1dp"
                android:layout_marginRight="3dp"
                android:background="@drawable/custom_button"
                android:text="등록" />

        </LinearLayout>
    </LinearLayout>

    <View
        android:id="@+id/divider4"
        android:layout_width="match_parent"
        android:layout_height="1dp"
        android:layout_weight="0"
        android:background="#D3D3D3" />

    <ScrollView
        android:layout_width="match_parent"
        android:layout_height="match_parent"
        android:background="#E8F5E9">

        <LinearLayout
            android:layout_width="match_parent"
            android:layout_height="wrap_content"
            android:orientation="vertical">

            <LinearLayout
                android:layout_width="match_parent"
                android:layout_height="match_parent"
                android:layout_marginLeft="20dp"
                android:layout_marginTop="20dp"
                android:layout_marginRight="20dp"
                android:layout_marginBottom="10dp"
                android:background="@drawable/register_custom"
                android:orientation="vertical"
                android:paddingLeft="10dp"
                android:paddingTop="5dp"
                android:paddingRight="10dp"
                android:paddingBottom="5dp">

                <LinearLayout
                    android:layout_width="match_parent"
                    android:layout_height="match_parent"
                    android:layout_weight="0"
                    android:orientation="horizontal">

                    <TextView
                        android:id="@+id/textView"
                        android:layout_width="wrap_content"
                        android:layout_height="wrap_content"
                        android:layout_marginBottom="10dp"
                        android:layout_weight="1"
                        android:paddingLeft="8dp"
                        android:paddingTop="8dp"
                        android:paddingRight="8dp"
                        android:text="습득 품목"
                        android:textColor="#344955"
                        android:textSize="14sp" />

                    <ImageView
                        android:id="@+id/imageView2"
                        android:layout_width="wrap_content"
                        android:layout_height="wrap_content"
                        android:layout_gravity="right"
                        android:layout_marginBottom="0dp"
                        android:layout_weight="0"
                        app:srcCompat="@drawable/pencil" />

                </LinearLayout>

                <Spinner
                    android:id="@+id/categorySpinner"
                    android:layout_width="match_parent"
                    android:layout_height="wrap_content"
                    android:layout_weight="0"
                    android:paddingLeft="8dp"
                    android:paddingTop="8dp"
                    android:paddingRight="8dp" />

            </LinearLayout>

            <LinearLayout
                android:layout_width="match_parent"
                android:layout_height="wrap_content"
                android:layout_marginLeft="20dp"
                android:layout_marginRight="20dp"
                android:layout_marginBottom="10dp"
                android:layout_weight="0"
                android:background="@drawable/register_custom"
                android:orientation="vertical"
                android:paddingLeft="10dp"
                android:paddingTop="5dp"
                android:paddingRight="10dp"
                android:paddingBottom="5dp"
                >

                <LinearLayout
                    android:id="@+id/zoneLayout"
                    android:layout_width="match_parent"
                    android:layout_height="match_parent"
                    android:layout_weight="0"
                    android:orientation="horizontal">

                    <TextView
                        android:id="@+id/textView2"
                        android:layout_width="wrap_content"
                        android:layout_height="wrap_content"
                        android:layout_marginBottom="10dp"
                        android:layout_weight="1"
                        android:paddingLeft="8dp"
                        android:paddingTop="8dp"
                        android:paddingRight="8dp"
                        android:text="습득 위치"
                        android:textColor="#344955"
                        android:textSize="14sp" />

                    <ImageView
                        android:id="@+id/imageView3"
                        android:layout_width="wrap_content"
                        android:layout_height="wrap_content"
                        android:layout_gravity="right"
                        android:layout_weight="0"
                        app:srcCompat="@drawable/pencil"
                        tools:ignore="VectorDrawableCompat" />

                </LinearLayout>

                <EditText
                    android:id="@+id/zoneText"
                    android:layout_width="match_parent"
                    android:layout_height="wrap_content"
                    android:layout_marginLeft="4dp"
                    android:layout_marginRight="4dp"
                    android:layout_weight="0"
                    android:ems="10"
                    android:focusableInTouchMode="false"
                    android:hint="구"
                    android:inputType="textPersonName"
                    android:textColor="#A7A7A7"
                    android:textSize="16sp" />

            </LinearLayout>

            <LinearLayout
                android:layout_width="match_parent"
                android:layout_height="match_parent"
                android:layout_marginBottom="10dp"
                android:layout_weight="0"
                android:orientation="vertical">

                <LinearLayout
                    android:layout_width="match_parent"
                    android:layout_height="match_parent"
                    android:layout_marginLeft="20dp"
                    android:layout_marginRight="20dp"
                    android:layout_weight="0"
                    android:background="@drawable/register_custom"
                    android:orientation="vertical"
                    android:paddingLeft="10dp"
                    android:paddingTop="5dp"
                    android:paddingRight="10dp"
                    android:paddingBottom="10dp">

                    <ImageView
                        android:id="@+id/imageView4"
                        android:layout_width="wrap_content"
                        android:layout_height="wrap_content"
                        android:layout_gravity="right"
                        android:layout_weight="0"
                        app:srcCompat="@drawable/pencil" />

                    <LinearLayout
                        android:layout_width="match_parent"
                        android:layout_height="match_parent"
                        android:layout_weight="0"

                        android:orientation="horizontal">

                        <TextView
                            android:id="@+id/textView14"
                            android:layout_width="wrap_content"
                            android:layout_height="wrap_content"
                            android:layout_weight="0"
                            android:paddingLeft="8dp"
                            android:paddingTop="8dp"
                            android:paddingRight="8dp"
                            android:text="습득 일자"
                            android:textColor="#344955"
                            android:textSize="14sp" />

                        <Spinner
                            android:id="@+id/timeSpinner"
                            android:layout_width="wrap_content"
                            android:layout_height="wrap_content"
                            android:layout_weight="0"
                            android:paddingLeft="8dp"
                            android:paddingTop="8dp"
                            android:paddingRight="8dp" />

                        <TextView
                            android:id="@+id/textView15"
                            android:layout_width="wrap_content"
                            android:layout_height="wrap_content"
                            android:layout_weight="0"
                            android:paddingLeft="8dp"
                            android:paddingTop="8dp"
                            android:paddingRight="8dp"
                            android:text="월"
                            android:textSize="14sp" />

                        <Spinner
                            android:id="@+id/timeSpinner2"
                            android:layout_width="wrap_content"
                            android:layout_height="wrap_content"
                            android:layout_weight="0"
                            android:paddingLeft="8dp"
                            android:paddingTop="8dp"
                            android:paddingRight="8dp"
                            android:visibility="visible" />

                        <TextView
                            android:id="@+id/textView4"
                            android:layout_width="wrap_content"
                            android:layout_height="wrap_content"
                            android:layout_weight="0"
                            android:paddingLeft="8dp"
                            android:paddingTop="8dp"
                            android:paddingRight="8dp"
                            android:text="일"
                            android:textSize="14sp" />
                    </LinearLayout>

                </LinearLayout>

                <LinearLayout
                    android:layout_width="match_parent"
                    android:layout_height="match_parent"
                    android:layout_marginLeft="20dp"
                    android:layout_marginTop="15dp"
                    android:layout_marginRight="20dp"
                    android:layout_marginBottom="10dp"
                    android:layout_weight="0"
                    android:background="@drawable/register_custom"
                    android:orientation="vertical"
                    android:paddingLeft="10dp"
                    android:paddingTop="5dp"
                    android:paddingRight="10dp"
                    android:paddingBottom="10dp">

                    <ImageView
                        android:id="@+id/imageView6"
                        android:layout_width="wrap_content"
                        android:layout_height="wrap_content"
                        android:layout_gravity="right"
                        android:layout_weight="0"
                        app:srcCompat="@drawable/pencil" />

                    <LinearLayout
                        android:layout_width="match_parent"
                        android:layout_height="match_parent"
                        android:layout_weight="0"
                        android:orientation="horizontal">

                        <TextView
                            android:id="@+id/textView7"
                            android:layout_width="wrap_content"
                            android:layout_height="wrap_content"
                            android:layout_weight="0"
                            android:paddingLeft="8dp"
                            android:paddingTop="8dp"
                            android:paddingRight="8dp"
                            android:text="습득 시각"
                            android:textColor="#344955"
                            android:textSize="14sp" />

                        <Spinner
                            android:id="@+id/timeSpinner3"
                            android:layout_width="wrap_content"
                            android:layout_height="wrap_content"
                            android:layout_weight="0"
                            android:paddingLeft="8dp"
                            android:paddingTop="8dp"
                            android:paddingRight="8dp" />

                        <TextView
                            android:id="@+id/textView5"
                            android:layout_width="wrap_content"
                            android:layout_height="wrap_content"
                            android:layout_weight="0"
                            android:paddingLeft="8dp"
                            android:paddingTop="8dp"
                            android:paddingRight="8dp"
                            android:text="시 경"
                            android:textSize="14sp" />

                    </LinearLayout>

                </LinearLayout>

            </LinearLayout>

            <LinearLayout
                android:layout_width="match_parent"
                android:layout_height="match_parent"
                android:layout_marginLeft="20dp"
                android:layout_marginRight="20dp"
                android:layout_weight="0"
                android:background="@drawable/register_custom"
                android:orientation="vertical"
                android:paddingBottom="5dp">

                <LinearLayout
                    android:layout_width="match_parent"
                    android:layout_height="match_parent"
                    android:orientation="vertical">

                    <ImageView
                        android:id="@+id/imageView7"
                        android:layout_width="wrap_content"
                        android:layout_height="wrap_content"
                        android:layout_gravity="right"
                        android:layout_weight="1"
                        app:srcCompat="@drawable/pencil" />

                    <ImageView
                        android:id="@+id/imageView"
                        android:layout_width="150dp"
                        android:layout_height="150dp"

                        android:layout_gravity="center"
                        android:layout_marginTop="10dp"
                        android:layout_weight="1"
                        android:background="@drawable/customshape2" />

                    <Button
                        android:id="@+id/upload"
                        android:layout_width="wrap_content"
                        android:layout_height="wrap_content"
                        android:layout_gravity="center"
                        android:layout_marginTop="3dp"
                        android:layout_weight="1"
                        android:background="@drawable/custom_button"
                        android:text="이미지 업로드" />

                </LinearLayout>

                <EditText
                    android:id="@+id/detailsText"
                    android:layout_width="match_parent"
                    android:layout_height="wrap_content"
                    android:layout_marginLeft="8dp"
                    android:layout_marginTop="8dp"
                    android:layout_marginRight="8dp"
                    android:ems="10"
                    android:hint="상세 설명"
                    android:inputType="textPersonName"
                    android:paddingLeft="10dp"
                    android:paddingTop="10dp"
                    android:paddingRight="10dp"
                    android:paddingBottom="15dp"
                    android:singleLine="false" />

            </LinearLayout>

            <Spinner
                android:id="@+id/placesSpinner"
                android:layout_width="340dp"
                android:layout_height="wrap_content"
                android:layout_weight="0"
                android:paddingLeft="8dp"
                android:paddingTop="8dp"
                android:paddingRight="8dp"
                android:visibility="gone" />

            <TextView
                android:id="@+id/textView10"
                android:layout_width="match_parent"
                android:layout_height="wrap_content"
                android:textSize="8sp" />

            <TextView
                android:id="@+id/textView3"
                android:layout_width="match_parent"
                android:layout_height="wrap_content"
                android:textSize="18sp" />

            <View
                android:id="@+id/divider8"
                android:layout_width="match_parent"
                android:layout_height="10dp"
                android:layout_weight="0"
                android:background="#81C784" />

        </LinearLayout>
    </ScrollView>

    <EditText
        android:id="@+id/LatitudeText"
        android:layout_width="340dp"
        android:layout_height="44dp"
        android:layout_marginLeft="8dp"
        android:layout_marginTop="10dp"
        android:layout_marginRight="8dp"
        android:ems="10"
        android:hint="위도"
        android:inputType="textPersonName"
        android:visibility="gone"
        app:layout_constraintLeft_toLeftOf="parent"
        app:layout_constraintRight_toRightOf="parent" />

    <EditText
        android:id="@+id/LongitudeText"
        android:layout_width="340dp"
        android:layout_height="44dp"
        android:layout_marginLeft="8dp"
        android:layout_marginTop="10dp"
        android:layout_marginRight="8dp"
        android:ems="10"
        android:hint="경도"
        android:inputType="textPersonName"
        android:visibility="gone"
        app:layout_constraintLeft_toLeftOf="parent"
        app:layout_constraintRight_toRightOf="parent" />


</LinearLayout>

